Timestamp,SessionID,Msg_Length,Duration_Sec,Concurrent_Users,Status
2026-07-08 21:24:02,vkNVIyFyJb6WBXxM06IP,17,0.37,1,ERROR: 403 Client Error: Forbidden for url: http://127.0.0.1:5000/v1/chat/completions
2026-07-08 21:33:47,3qkGUlUO8y408zdn7251,17,21.10,1,PENDING
2026-07-08 21:34:33,3qkGUlUO8y408zdn7251,35,3.02,1,PENDING
2026-07-08 21:34:48,3qkGUlUO8y408zdn7251,40,3.34,1,PENDING
2026-07-08 21:36:05,D9n3wF0JmjUTw2JesqsG,18,11.49,1,PENDING
2026-07-08 21:36:21,D9n3wF0JmjUTw2JesqsG,30,3.49,1,PENDING
2026-07-08 21:37:45,D9n3wF0JmjUTw2JesqsG,35,4.13,1,PENDING
2026-07-08 21:37:58,D9n3wF0JmjUTw2JesqsG,35,3.22,1,PENDING
2026-07-08 21:38:14,D9n3wF0JmjUTw2JesqsG,29,2.49,1,PENDING
2026-07-08 21:39:16,owt28pmSWVZ1eHL6fD3g,5,11.44,1,PENDING
2026-07-08 21:39:31,owt28pmSWVZ1eHL6fD3g,16,3.22,1,PENDING
2026-07-08 21:39:50,owt28pmSWVZ1eHL6fD3g,50,2.88,1,PENDING
2026-07-08 21:39:59,owt28pmSWVZ1eHL6fD3g,24,3.50,1,PENDING
2026-07-08 21:41:18,owt28pmSWVZ1eHL6fD3g,14,3.28,1,PENDING
2026-07-08 21:41:33,owt28pmSWVZ1eHL6fD3g,14,4.28,1,PENDING
2026-07-08 21:41:50,owt28pmSWVZ1eHL6fD3g,22,4.88,1,PENDING
2026-07-08 21:43:34,lVVypJtPESSC3qefGBhL,13,13.58,1,PENDING
2026-07-08 21:44:14,lVVypJtPESSC3qefGBhL,22,5.77,1,PENDING
2026-07-08 21:44:42,lVVypJtPESSC3qefGBhL,29,4.81,1,PENDING
2026-07-08 21:45:01,lVVypJtPESSC3qefGBhL,30,3.24,1,PENDING
2026-07-08 21:45:14,lVVypJtPESSC3qefGBhL,35,3.24,1,PENDING
2026-07-08 21:45:55,lVVypJtPESSC3qefGBhL,39,9.36,1,PENDING
2026-07-08 21:48:34,xKBExJRmvwhGFhu9qgSZ,17,17.39,1,PENDING
2026-07-08 21:48:53,xKBExJRmvwhGFhu9qgSZ,45,2.85,1,PENDING
2026-07-08 21:49:06,xKBExJRmvwhGFhu9qgSZ,30,3.56,1,PENDING
2026-07-08 21:49:24,xKBExJRmvwhGFhu9qgSZ,15,2.77,1,PENDING
2026-07-08 21:49:56,xKBExJRmvwhGFhu9qgSZ,42,3.74,1,PENDING
2026-07-08 21:50:26,xKBExJRmvwhGFhu9qgSZ,70,7.41,1,PENDING
2026-07-08 21:51:54,zGuggWddj5tBhjlNqEuO,32,13.75,1,PENDING
2026-07-08 21:52:19,zGuggWddj5tBhjlNqEuO,63,3.11,1,PENDING
2026-07-08 21:52:28,zGuggWddj5tBhjlNqEuO,15,4.44,1,PENDING
2026-07-08 21:57:02,WPRuhP2Mtqo3UK2RSFxT,25,36.01,1,PENDING
2026-07-08 21:57:38,WPRuhP2Mtqo3UK2RSFxT,37,4.12,1,PENDING
2026-07-08 21:59:06,wMmvbv9UvH6NssIQ0LD4,18,13.63,1,PENDING
2026-07-08 21:59:21,wMmvbv9UvH6NssIQ0LD4,44,3.21,1,PENDING
2026-07-08 21:59:31,wMmvbv9UvH6NssIQ0LD4,26,2.15,1,PENDING
2026-07-08 21:59:48,wMmvbv9UvH6NssIQ0LD4,25,3.91,1,PENDING
2026-07-08 22:00:36,wMmvbv9UvH6NssIQ0LD4,23,3.87,1,PENDING
2026-07-08 22:00:52,wMmvbv9UvH6NssIQ0LD4,18,6.84,1,PENDING
2026-07-08 22:01:37,BerFQXN65ibsfwHCYkiF,24,12.72,1,PENDING
2026-07-08 22:02:08,BerFQXN65ibsfwHCYkiF,21,3.31,1,PENDING
2026-07-08 22:02:17,BerFQXN65ibsfwHCYkiF,26,2.75,1,PENDING
2026-07-08 22:02:24,BerFQXN65ibsfwHCYkiF,3,3.83,1,PENDING
2026-07-08 22:02:58,BerFQXN65ibsfwHCYkiF,35,3.16,1,PENDING
2026-07-08 22:03:14,BerFQXN65ibsfwHCYkiF,21,5.41,1,PENDING
2026-07-08 22:03:25,BerFQXN65ibsfwHCYkiF,19,4.49,1,PENDING
2026-07-08 22:03:48,BerFQXN65ibsfwHCYkiF,54,4.65,1,PENDING
2026-07-08 22:04:37,qm7ZDoaKoJ2d2MuMjoCr,21,12.68,1,PENDING
2026-07-08 22:05:03,qm7ZDoaKoJ2d2MuMjoCr,23,4.78,1,PENDING
2026-07-08 22:06:01,qm7ZDoaKoJ2d2MuMjoCr,30,3.41,1,PENDING
2026-07-08 22:07:00,qm7ZDoaKoJ2d2MuMjoCr,23,3.57,1,PENDING
2026-07-08 22:07:50,XDH8OMzXCOiZ37IwdRO8,5,15.83,1,PENDING
2026-07-08 22:08:05,XDH8OMzXCOiZ37IwdRO8,28,2.78,1,PENDING
2026-07-08 22:08:25,XDH8OMzXCOiZ37IwdRO8,34,4.16,1,PENDING
2026-07-08 22:08:46,XDH8OMzXCOiZ37IwdRO8,21,5.51,1,PENDING
2026-07-08 22:09:08,XDH8OMzXCOiZ37IwdRO8,53,4.24,1,PENDING
2026-07-08 22:09:29,XDH8OMzXCOiZ37IwdRO8,45,7.42,1,PENDING
2026-07-08 22:09:50,XDH8OMzXCOiZ37IwdRO8,45,6.98,1,PENDING
2026-07-08 22:10:05,XDH8OMzXCOiZ37IwdRO8,23,7.17,1,PENDING
2026-07-08 22:11:27,1zrhkVvplDVmInrgCSHC,20,11.48,1,PENDING
2026-07-08 22:11:41,1zrhkVvplDVmInrgCSHC,22,2.65,1,PENDING
2026-07-08 22:11:52,1zrhkVvplDVmInrgCSHC,22,3.11,1,PENDING
2026-07-08 22:12:05,1zrhkVvplDVmInrgCSHC,42,3.52,1,PENDING
2026-07-08 22:12:11,1zrhkVvplDVmInrgCSHC,4,2.49,1,PENDING
2026-07-08 22:12:27,1zrhkVvplDVmInrgCSHC,44,5.08,1,PENDING
2026-07-08 22:12:39,1zrhkVvplDVmInrgCSHC,18,5.76,1,PENDING
2026-07-08 22:12:52,1zrhkVvplDVmInrgCSHC,15,5.35,1,PENDING
2026-07-08 23:29:26,HvN1v49EbDrxJZ5v2xPH,43,3.88,1,PENDING
2026-07-08 23:38:10,ASDJrGcZzKsl5BDdFnbA,16,5.85,1,PENDING
2026-07-12 17:52:46,VoDBbA7SoL2ujGWzG5W9,39,4.92,1,PENDING
2026-07-12 17:53:08,VoDBbA7SoL2ujGWzG5W9,44,2.84,1,PENDING
2026-07-12 17:53:57,VoDBbA7SoL2ujGWzG5W9,26,3.42,1,PENDING
2026-07-12 17:54:09,VoDBbA7SoL2ujGWzG5W9,25,1.32,1,PENDING
2026-07-12 17:54:23,VoDBbA7SoL2ujGWzG5W9,41,3.82,1,PENDING
2026-07-12 17:54:44,VoDBbA7SoL2ujGWzG5W9,29,7.77,1,PENDING
2026-07-12 17:55:26,lAnzeGVKE9XpU5WDuSkO,26,5.86,1,PENDING
2026-07-12 17:56:44,lAnzeGVKE9XpU5WDuSkO,26,3.44,1,PENDING
2026-07-12 17:57:01,lAnzeGVKE9XpU5WDuSkO,26,1.84,1,PENDING
2026-07-12 17:58:13,PQv9c1ItfrkscDRV2ehq,26,5.19,1,PENDING
2026-07-13 08:47:26,QOialyH1PDVvUwLrdmaE,30,5.35,1,PENDING
2026-07-13 08:59:00,DYErONVhPUP6XiKhVdA3,9,4.35,1,PENDING
2026-07-13 08:59:11,DYErONVhPUP6XiKhVdA3,17,2.85,1,PENDING
2026-07-13 08:59:26,DYErONVhPUP6XiKhVdA3,6,3.03,1,PENDING
2026-07-13 09:01:13,FV7R7Qyx8zAKhEOSm1Gk,29,3.81,1,PENDING
2026-07-13 09:03:31,FV7R7Qyx8zAKhEOSm1Gk,25,3.37,1,PENDING
2026-07-13 09:03:47,FV7R7Qyx8zAKhEOSm1Gk,46,2.52,1,PENDING
2026-07-13 09:04:03,FV7R7Qyx8zAKhEOSm1Gk,31,2.34,1,PENDING
2026-07-13 09:04:23,FV7R7Qyx8zAKhEOSm1Gk,41,5.49,1,PENDING
2026-07-13 09:04:42,FV7R7Qyx8zAKhEOSm1Gk,32,5.16,1,PENDING
2026-07-13 09:04:58,FV7R7Qyx8zAKhEOSm1Gk,23,4.86,1,PENDING
2026-07-13 09:05:39,7SLOHlPPy4yDFH5kKsrx,27,3.52,1,PENDING
2026-07-13 09:05:48,7SLOHlPPy4yDFH5kKsrx,14,1.37,1,PENDING
2026-07-13 09:06:03,7SLOHlPPy4yDFH5kKsrx,23,2.49,1,PENDING
2026-07-13 09:06:35,7SLOHlPPy4yDFH5kKsrx,36,3.25,1,PENDING
2026-07-13 09:07:01,7SLOHlPPy4yDFH5kKsrx,24,4.82,1,PENDING
2026-07-13 09:07:27,7SLOHlPPy4yDFH5kKsrx,28,4.35,1,PENDING
2026-07-13 09:07:47,7SLOHlPPy4yDFH5kKsrx,32,4.73,1,PENDING
2026-07-13 10:56:29,QygPzE6jayOOFvmmPM0K,23,6.95,1,PENDING
2026-07-13 11:47:39,mPkKRu2bvHH9p8C0lzk0,5,14.05,1,PENDING
